ScorelineID,TeamID,DefOp,WeekID,SeasonID,PComp,PAtt,PYds,PTds,Ints,Sack,SYds,Qbr,RYds,RTds,Long,Fumb,FumL,DefTD,Saf,Gefu,Gwd,Bnch,PComPct,NetPYds,TTds,ZPComp,ZPYds,ZTTds,ZTTos,ZInts,ZFumb,ZRYds,ZDefTD,ZSaf,ZGefu,ZGwd,ZBnch,ZOver25,ZFinal,POS,NEG
202603ATL,ATL,GB,3,2026,18,25,256,1,1,0,0,84.9,-2,0,68,0,0,0,0,0,0,0,72,256,1,0,0,0,0,5,0,0,0,0,0,0,0,0,5,5,0
202603GB,GB,ATL,3,2026,28,53,312,2,1,1,-1,43.2,0,0,45,1,0,0,0,0,0,0,52.83,311,2,0,-6,0,0,5,4,0,0,0,0,0,0,0,3,9,-6
202603PHI,PHI,CHI,3,2026,16,26,153,0,2,2,-12,39.62,25,1,30,0,0,0,0,0,0,0,61.54,141,1,0,12,0,0,10,0,0,0,0,0,0,0,0,22,22,0
202603CHI,CHI,PHI,3,2026,24,34,247,2,0,0,0,74.5,6,1,41,1,0,0,0,0,0,0,70.59,247,3,0,0,-5,0,0,4,0,0,0,0,0,0,0,-1,4,-5
202603NYJ,NYJ,DET,3,2026,31,37,321,3,0,5,-44,79.2,12,0,43,1,1,0,0,0,0,0,83.78,277,3,0,0,-5,0,0,4,0,0,0,0,0,0,0,-1,4,-5
202603DET,DET,NYJ,3,2026,25,32,269,2,0,2,-19,76.4,6,0,49,0,0,0,0,0,0,0,78.12,250,2,0,0,0,0,0,0,0,0,0,0,0,0,0,0,0,0
202603NE,NE,JAX,3,2026,17,30,229,0,2,3,-11,18.17,20,0,38,2,1,0,0,0,0,1,56.67,218,0,0,0,10,12,10,8,0,0,0,0,0,35,0,75,75,0
202603JAX,JAX,NE,3,2026,19,29,182,3,1,1,-4,79.8,25,0,23,0,0,0,0,0,0,0,65.52,178,3,0,6,-5,0,5,0,0,0,0,0,0,0,10,16,21,-5
202603LAR,LAR,DEN,3,2026,30,55,390,2,2,4,-24,60.4,13,0,49,0,0,1,0,0,0,0,54.55,366,2,0,-9,0,0,10,0,0,20,0,0,0,0,0,21,30,-9
202603DEN,DEN,LAR,3,2026,17,34,186,2,1,1,-7,46.3,7,1,39,0,0,0,0,0,1,0,50,179,3,5,6,-5,0,5,0,0,0,0,0,-12,0,0,-1,16,-17
202603LAC,LAC,BUF,3,2026,20,34,226,1,1,2,-9,29.2,17,0,29,0,0,0,0,0,0,0,58.82,217,1,0,0,0,0,5,0,0,0,0,0,0,0,0,5,5,0
202603BUF,BUF,LAC,3,2026,16,26,204,0,2,4,-30,51.4,22,2,37,1,1,0,0,0,0,0,61.54,174,2,0,6,0,12,10,4,0,0,0,0,0,0,0,32,32,0
202603SEA,SEA,WSH,3,2026,31,45,379,4,2,0,0,50.4,5,0,32,0,0,1,0,0,0,0,68.89,379,4,0,-9,-10,0,10,0,0,20,0,0,0,0,0,11,30,-19
202603WSH,WSH,SEA,3,2026,19,31,183,3,0,2,-7,61.2,11,0,30,0,0,0,0,0,0,0,61.29,176,3,0,6,-5,0,0,0,0,0,0,0,0,0,0,1,6,-5
202603ARI,ARI,SF,3,2026,38,52,280,2,0,2,-8,73,4,1,19,0,0,0,0,0,0,0,73.08,272,3,0,0,-5,0,0,0,0,0,0,0,0,0,10,5,10,-5
202603SF,SF,ARI,3,2026,15,27,297,4,0,0,0,85.5,34,0,80,0,0,0,0,0,0,0,55.56,297,4,0,0,-10,0,0,0,0,0,0,0,0,0,0,-10,0,-10
202603LV,LV,NO,3,2026,22,33,248,3,0,3,-21,71.4,3,0,22,1,0,0,0,0,0,0,66.67,227,3,0,0,-5,0,0,4,0,0,0,0,0,0,10,9,14,-5
202603NO,NO,LV,3,2026,29,42,255,4,1,2,-22,70.4,36,0,22,2,2,0,0,0,0,0,69.05,233,4,0,0,-10,12,5,8,0,0,0,0,0,0,10,25,35,-10
202603BAL,BAL,DAL,3,2026,15,20,186,2,0,0,0,94,50,0,31,0,0,0,0,0,0.5,0,75,186,2,0,6,0,0,0,0,0,0,0,0,-6,0,0,0,6,-6
202603DAL,DAL,BAL,3,2026,25,40,276,1,0,1,-9,63.6,19,0,49,0,0,0,0,0,0,0,62.5,267,1,0,0,0,0,0,0,0,0,0,0,0,0,0,0,0,0
202603MIN,MIN,TB,3,2026,15,29,168,1,1,3,-16,25.4,17,0,41,0,0,0,0,0,0,0,51.72,152,1,0,6,0,0,5,0,0,0,0,0,0,0,0,11,11,0
202603TB,TB,MIN,3,2026,17,37,217,1,2,6,-31,17.96,15,0,40,0,0,0,0,0,0,0,45.95,186,1,5,6,0,0,10,0,0,0,0,0,0,0,0,21,21,0
202603TEN,TEN,NYG,3,2026,23,36,181,1,1,0,0,46.8,2,0,20,0,0,0,0,0,0,0,63.89,181,1,0,6,0,0,5,0,0,0,0,0,0,0,10,21,21,0
202603NYG,NYG,TEN,3,2026,14,22,118,0,0,3,-18,27.9,14,0,30,0,0,0,0,0,0,0,63.64,100,0,0,25,10,0,0,0,0,0,0,0,0,0,0,35,35,0
202603KC,KC,MIA,3,2026,20,24,246,2,1,0,0,65.3,1,0,48,0,0,0,0,0,0,0,83.33,246,2,0,0,0,0,5,0,0,0,0,0,0,0,0,5,5,0
202603MIA,MIA,KC,3,2026,20,36,210,0,1,0,0,40.7,56,0,44,1,1,0,0,0,0,0,55.56,210,0,0,0,10,0,5,4,0,0,0,0,0,0,0,19,19,0
202603HOU,HOU,IND,3,2026,16,27,167,1,0,3,-14,47.1,10,0,28,0,0,0,0,0,0,0,59.26,153,1,0,6,0,0,0,0,0,0,0,0,0,0,0,6,6,0
202603IND,IND,HOU,3,2026,24,36,235,1,1,4,-24,36,5,0,26,3,2,0,0,0,0.5,0,66.67,211,1,0,0,0,12,5,12,0,0,0,0,-6,0,0,23,29,-6
202603CAR,CAR,CLE,3,2026,26,48,291,1,1,3,-29,38.2,0,0,31,0,0,0,0,0,0,0,54.17,262,1,0,0,0,0,5,0,0,0,0,0,0,0,0,5,5,0
202603CLE,CLE,CAR,3,2026,17,31,144,2,0,2,-17,58.62,45,0,28,0,0,0,0,0,1,0,54.84,127,2,0,12,0,0,0,0,0,0,0,0,-12,0,0,0,12,-12
202603CIN,CIN,PIT,3,2026,28,37,282,3,0,1,-13,92.2,13,0,28,1,1,0,0,0,0,0,75.68,269,3,0,0,-5,0,0,4,0,0,0,0,0,0,0,-1,4,-5
202603PIT,PIT,CIN,3,2026,19,34,292,3,1,2,-19,68.2,10,0,47,0,0,0,0,0,0,0,55.88,273,3,0,0,-5,0,5,0,0,0,0,0,0,0,0,0,5,-5